Runtime_ID,Dataset_ID,run_time,Models_generated,model_execution_time_sec
1,1,500,12,529.5489628314972
2,1,800,30,807.102153301239
3,1,1000,16,1006.5357584953308
4,1,1500,22,1955.4602789878845
5,1,1300,23,1418.1832509040833
6,1,1500,22,1955.4602789878845
